Sector,CN_code,Benchmark_Value,Tag,Main_Tag,Year_Tag
Cement,25070080,0.666,,,
Cement,25231000,0.666,A,A,
Cement,25231000,0.859,B,B,
Cement,25232100,0.859,,,
Cement,25232900,0.666,,,
Cement,25233000,0.717,1,,1
Cement,25233000,0.686,2,,2
Cement,25239000,0.666,A,A,
Cement,25239000,0.847,B,B,
Hydrogen,28041000,5.089,,,
Fertilisers,28080000,0.582,,,
Fertilisers,28141000,1.522,,,
Fertilisers,28142000,0.457,,,
Fertilisers,28342100,0.626,,,
Fertilisers,31021012,0.304,,,
Fertilisers,31021015,0.503,,,
nan,31021019,0.902,,,
nan,31021090,0.882,,,
nan,31022100,0.414,,,
nan,31022900,0.566,,,
nan,31023010,0.508,,,
nan,31023090,0.767,,,
nan,31024010,0.688,,,
nan,31024090,0.688,,,
nan,31025000,0.701,1,,1
nan,31025000,0.685,2,,2
nan,31026000,0.633,,,
nan,31028000,0.625,,,
nan,31029000,0.847,,,
nan,31051000,0.376,,,
nan,31052010,0.434,,,
nan,31052090,0.319,,,
nan,31053000,0.339,,,
nan,31054000,0.173,,,
nan,31055100,0.548,,,
nan,31055900,0.391,,,
nan,31059020,0.476,,,
nan,31059080,0.248,,,
Iron & Steel,26011200,0.086,,,
Iron & Steel,72011011,1.21,,,
Iron & Steel,72011019,1.21,,,
Iron & Steel,72011030,1.21,,,
Iron & Steel,72011090,1.21,,,
Iron & Steel,72012000,1.21,,,
Iron & Steel,72015010,1.21,,,
Iron & Steel,72015090,1.21,,,
Iron & Steel,72021120,1.361,1,,1
Iron & Steel,72021120,1.277,2,,2
Iron & Steel,72021180,1.361,1,,1
Iron & Steel,72021180,1.277,2,,2
Iron & Steel,72021900,1.361,1,,1
Iron & Steel,72021900,1.277,2,,2
Iron & Steel,72024110,1.142,1,,1
Iron & Steel,72024110,1.106,2,,2
Iron & Steel,72024190,1.142,1,,1
Iron & Steel,72024190,1.106,2,,2
Iron & Steel,72024910,1.142,1,,1
Iron & Steel,72024910,1.106,2,,2
Iron & Steel,72024950,1.142,1,,1
Iron & Steel,72024950,1.106,2,,2
Iron & Steel,72024990,1.142,1,,1
Iron & Steel,72024990,1.106,2,,2
Iron & Steel,72026000,2.39,1,,1
Iron & Steel,72026000,2.295,2,,2
Iron & Steel,72031000,0.397,,,
Iron & Steel,72039000,0.397,,,
Iron & Steel,72051000,1.288,C,C,
Iron & Steel,72051000,0.424,D,D,
Iron & Steel,72051000,0.027,E,E,
Iron & Steel,72052100,1.46,F)(1,F,1
Iron & Steel,72052100,0.659,G)(1,G,1
Iron & Steel,72052100,0.328,H)(1,H,1
Iron & Steel,72052100,0.852,J)(1,J,1
Iron & Steel,72052100,1.298,F)(2,F,2
Iron & Steel,72052100,0.647,G)(2,G,2
Iron & Steel,72052100,0.315,H)(2,H,2
Iron & Steel,72052100,0.82,J)(2,J,2
Iron & Steel,72052900,1.288,C,C,
Iron & Steel,72052900,0.424,D,D,
Iron & Steel,72052900,0.027,E,E,
Iron & Steel,72061000,1.288,C,C,
Iron & Steel,72061000,0.424,D,D,
Iron & Steel,72061000,0.027,E,E,
Iron & Steel,72069000,1.288,C,C,
Iron & Steel,72069000,0.424,D,D,
Iron & Steel,72069000,0.027,E,E,
Iron & Steel,72071111,1.364,C,C,
Iron & Steel,72071111,0.475,D,D,
Iron & Steel,72071111,0.066,E,E,
Iron & Steel,72071114,1.364,C,C,
Iron & Steel,72071114,0.475,D,D,
Iron & Steel,72071114,0.066,E,E,
Iron & Steel,72071116,1.364,C,C,
Iron & Steel,72071116,0.475,D,D,
Iron & Steel,72071116,0.066,E,E,
Iron & Steel,72071190,1.629,C,C,
Iron & Steel,72071190,0.74,D,D,
Iron & Steel,72071190,0.331,E,E,
nan,72071210,1.364,C,C,
nan,72071210,0.475,D,D,
nan,72071210,0.066,E,E,
nan,72071290,1.629,C,C,
nan,72071290,0.74,D,D,
nan,72071290,0.331,E,E,
nan,72071912,1.364,C,C,
nan,72071912,0.475,D,D,
nan,72071912,0.066,E,E,
nan,72071919,1.629,C,C,
nan,72071919,0.74,D,D,
nan,72071919,0.331,E,E,
nan,72071980,1.364,C,C,
nan,72071980,0.475,D,D,
nan,72071980,0.066,E,E,
nan,72072011,1.364,C,C,
nan,72072011,0.475,D,D,
nan,72072011,0.066,E,E,
nan,72072015,1.364,C,C,
nan,72072015,0.475,D,D,
nan,72072015,0.066,E,E,
nan,72072017,1.364,C,C,
nan,72072017,0.475,D,D,
nan,72072017,0.066,E,E,
nan,72072019,1.629,C,C,
nan,72072019,0.74,D,D,
nan,72072019,0.331,E,E,
nan,72072032,1.364,C,C,
nan,72072032,0.475,D,D,
nan,72072032,0.066,E,E,
nan,72072039,1.629,C,C,
nan,72072039,0.74,D,D,
nan,72072039,0.331,E,E,
nan,72072052,1.364,C,C,
nan,72072052,0.475,D,D,
nan,72072052,0.066,E,E,
nan,72072059,1.629,C,C,
nan,72072059,0.74,D,D,
nan,72072059,0.331,E,E,
nan,72072080,1.364,C,C,
nan,72072080,0.475,D,D,
nan,72072080,0.066,E,E,
nan,72081000,1.37,C,C,
nan,72081000,0.481,D,D,
nan,72081000,0.072,E,E,
nan,72082500,1.37,C,C,
nan,72082500,0.481,D,D,
nan,72082500,0.072,E,E,
nan,72082600,1.37,C,C,
nan,72082600,0.481,D,D,
nan,72082600,0.072,E,E,
nan,72082700,1.37,C,C,
nan,72082700,0.481,D,D,
nan,72082700,0.072,E,E,
nan,72083600,1.37,C,C,
nan,72083600,0.481,D,D,
nan,72083600,0.072,E,E,
nan,72083700,1.37,C,C,
nan,72083700,0.481,D,D,
nan,72083700,0.072,E,E,
nan,72083800,1.37,C,C,
nan,72083800,0.481,D,D,
nan,72083800,0.072,E,E,
nan,72083900,1.37,C,C,
nan,72083900,0.481,D,D,
nan,72083900,0.072,E,E,
nan,72084000,1.37,C,C,
nan,72084000,0.481,D,D,
nan,72084000,0.072,E,E,
nan,72085120,1.37,C,C,
nan,72085120,0.481,D,D,
nan,72085120,0.072,E,E,
nan,72085191,1.37,C,C,
nan,72085191,0.481,D,D,
nan,72085191,0.072,E,E,
nan,72085198,1.37,C,C,
nan,72085198,0.481,D,D,
nan,72085198,0.072,E,E,
nan,72085210,1.37,C,C,
nan,72085210,0.481,D,D,
nan,72085210,0.072,E,E,
nan,72085291,1.37,C,C,
nan,72085291,0.481,D,D,
nan,72085291,0.072,E,E,
nan,72085299,1.37,C,C,
nan,72085299,0.481,D,D,
nan,72085299,0.072,E,E,
nan,72085310,1.37,C,C,
nan,72085310,0.481,D,D,
nan,72085310,0.072,E,E,
nan,72085390,1.37,C,C,
nan,72085390,0.481,D,D,
nan,72085390,0.072,E,E,
nan,72085400,1.37,C,C,
nan,72085400,0.481,D,D,
nan,72085400,0.072,E,E,
nan,72089020,1.37,C,C,
nan,72089020,0.481,D,D,
nan,72089020,0.072,E,E,
nan,72089080,1.37,C,C,
nan,72089080,0.481,D,D,
nan,72089080,0.072,E,E,
nan,72091500,1.458,C,C,
nan,72091500,0.533,D,D,
nan,72091500,0.108,E,E,
nan,72091610,1.458,C,C,
nan,72091610,0.533,D,D,
nan,72091610,0.108,E,E,
nan,72091690,1.458,C,C,
nan,72091690,0.533,D,D,
nan,72091690,0.108,E,E,
nan,72091710,1.458,C,C,
nan,72091710,0.533,D,D,
nan,72091710,0.108,E,E,
nan,72091790,1.458,C,C,
nan,72091790,0.533,D,D,
nan,72091790,0.108,E,E,
nan,72091810,1.458,C,C,
nan,72091810,0.533,D,D,
nan,72091810,0.108,E,E,
nan,72091891,1.458,C,C,
nan,72091891,0.533,D,D,
nan,72091891,0.108,E,E,
nan,72091899,1.458,C,C,
nan,72091899,0.533,D,D,
nan,72091899,0.108,E,E,
nan,72092500,1.458,C,C,
nan,72092500,0.533,D,D,
nan,72092500,0.108,E,E,
nan,72092610,1.458,C,C,
nan,72092610,0.533,D,D,
nan,72092610,0.108,E,E,
nan,72092690,1.458,C,C,
nan,72092690,0.533,D,D,
nan,72092690,0.108,E,E,
nan,72092710,1.458,C,C,
nan,72092710,0.533,D,D,
nan,72092710,0.108,E,E,
nan,72092790,1.458,C,C,
nan,72092790,0.533,D,D,
nan,72092790,0.108,E,E,
nan,72092810,1.458,C,C,
nan,72092810,0.533,D,D,
nan,72092810,0.108,E,E,
nan,72092890,1.458,C,C,
nan,72092890,0.533,D,D,
nan,72092890,0.108,E,E,
nan,72099020,1.458,C,C,
nan,72099020,0.533,D,D,
nan,72099020,0.108,E,E,
nan,72099080,1.458,C,C,
nan,72099080,0.533,D,D,
nan,72099080,0.108,E,E,
nan,72101100,1.491,C,C,
nan,72101100,0.567,D,D,
nan,72101100,0.141,E,E,
nan,72101220,1.491,C,C,
nan,72101220,0.567,D,D,
nan,72101220,0.141,E,E,
nan,72101280,1.491,C,C,
nan,72101280,0.567,D,D,
nan,72101280,0.141,E,E,
nan,72102000,1.491,C,C,
nan,72102000,0.567,D,D,
nan,72102000,0.141,E,E,
nan,72103000,1.491,C,C,
nan,72103000,0.567,D,D,
nan,72103000,0.141,E,E,
nan,72104100,1.491,C,C,
nan,72104100,0.567,D,D,
nan,72104100,0.141,E,E,
nan,72104900,1.491,C,C,
nan,72104900,0.567,D,D,
nan,72104900,0.141,E,E,
nan,72105000,1.491,C,C,
nan,72105000,0.567,D,D,
nan,72105000,0.141,E,E,
nan,72106100,1.491,C,C,
nan,72106100,0.567,D,D,
nan,72106100,0.141,E,E,
nan,72106900,1.491,C,C,
nan,72106900,0.567,D,D,
nan,72106900,0.141,E,E,
nan,72107010,1.491,C,C,
nan,72107010,0.567,D,D,
nan,72107010,0.141,E,E,
nan,72107080,1.491,C,C,
nan,72107080,0.567,D,D,
nan,72107080,0.141,E,E,
nan,72109030,1.491,C,C,
nan,72109030,0.567,D,D,
nan,72109030,0.141,E,E,
nan,72109040,1.491,C,C,
nan,72109040,0.567,D,D,
nan,72109040,0.141,E,E,
nan,72109080,1.491,C,C,
nan,72109080,0.567,D,D,
nan,72109080,0.141,E,E,
nan,72111300,1.37,C,C,
nan,72111300,0.481,D,D,
nan,72111300,0.072,E,E,
nan,72111400,1.37,C,C,
nan,72111400,0.481,D,D,
nan,72111400,0.072,E,E,
nan,72111900,1.37,C,C,
nan,72111900,0.481,D,D,
nan,72111900,0.072,E,E,
nan,72112320,1.458,C,C,
nan,72112320,0.533,D,D,
nan,72112320,0.108,E,E,
nan,72112330,1.458,C,C,
nan,72112330,0.533,D,D,
nan,72112330,0.108,E,E,
nan,72112380,1.458,C,C,
nan,72112380,0.533,D,D,
nan,72112380,0.108,E,E,
nan,72112900,1.458,C,C,
nan,72112900,0.533,D,D,
nan,72112900,0.108,E,E,
nan,72119020,1.458,C,C,
nan,72119020,0.533,D,D,
nan,72119020,0.108,E,E,
nan,72119080,1.458,C,C,
nan,72119080,0.533,D,D,
nan,72119080,0.108,E,E,
nan,72121010,1.491,C,C,
nan,72121010,0.567,D,D,
nan,72121010,0.141,E,E,
nan,72121090,1.491,C,C,
nan,72121090,0.567,D,D,
nan,72121090,0.141,E,E,
nan,72122000,1.491,C,C,
nan,72122000,0.567,D,D,
nan,72122000,0.141,E,E,
nan,72123000,1.491,C,C,
nan,72123000,0.567,D,D,
nan,72123000,0.141,E,E,
nan,72124020,1.491,C,C,
nan,72124020,0.567,D,D,
nan,72124020,0.141,E,E,
nan,72124080,1.491,C,C,
nan,72124080,0.567,D,D,
nan,72124080,0.141,E,E,
nan,72125020,1.491,C,C,
nan,72125020,0.567,D,D,
nan,72125020,0.141,E,E,
nan,72125030,1.491,C,C,
nan,72125030,0.567,D,D,
nan,72125030,0.141,E,E,
nan,72125040,1.491,C,C,
nan,72125040,0.567,D,D,
nan,72125040,0.141,E,E,
nan,72125061,1.491,C,C,
nan,72125061,0.567,D,D,
nan,72125061,0.141,E,E,
nan,72125069,1.491,C,C,
nan,72125069,0.567,D,D,
nan,72125069,0.141,E,E,
nan,72125090,1.491,C,C,
nan,72125090,0.567,D,D,
nan,72125090,0.141,E,E,
nan,72126000,1.491,C,C,
nan,72126000,0.567,D,D,
nan,72126000,0.141,E,E,
nan,72131000,1.364,C,C,
nan,72131000,0.475,D,D,
nan,72131000,0.066,E,E,
nan,72132000,1.364,C,C,
nan,72132000,0.475,D,D,
nan,72132000,0.066,E,E,
nan,72139110,1.364,C,C,
nan,72139110,0.475,D,D,
nan,72139110,0.066,E,E,
nan,72139120,1.364,C,C,
nan,72139120,0.475,D,D,
nan,72139120,0.066,E,E,
nan,72139141,1.364,C,C,
nan,72139141,0.475,D,D,
nan,72139141,0.066,E,E,
nan,72139149,1.364,C,C,
nan,72139149,0.475,D,D,
nan,72139149,0.066,E,E,
nan,72139170,1.364,C,C,
nan,72139170,0.475,D,D,
nan,72139170,0.066,E,E,
nan,72139190,1.364,C,C,
nan,72139190,0.475,D,D,
nan,72139190,0.066,E,E,
nan,72139910,1.364,C,C,
nan,72139910,0.475,D,D,
nan,72139910,0.066,E,E,
nan,72139990,1.364,C,C,
nan,72139990,0.475,D,D,
nan,72139990,0.066,E,E,
nan,72141000,1.629,C,C,
nan,72141000,0.74,D,D,
nan,72141000,0.331,E,E,
nan,72142000,1.364,C,C,
nan,72142000,0.475,D,D,
nan,72142000,0.066,E,E,
nan,72143000,1.364,C,C,
nan,72143000,0.475,D,D,
nan,72143000,0.066,E,E,
nan,72149110,1.364,C,C,
nan,72149110,0.475,D,D,
nan,72149110,0.066,E,E,
nan,72149190,1.364,C,C,
nan,72149190,0.475,D,D,
nan,72149190,0.066,E,E,
nan,72149910,1.364,C,C,
nan,72149910,0.475,D,D,
nan,72149910,0.066,E,E,
nan,72149931,1.364,C,C,
nan,72149931,0.475,D,D,
nan,72149931,0.066,E,E,
nan,72149939,1.364,C,C,
nan,72149939,0.475,D,D,
nan,72149939,0.066,E,E,
nan,72149950,1.364,C,C,
nan,72149950,0.475,D,D,
nan,72149950,0.066,E,E,
nan,72149971,1.364,C,C,
nan,72149971,0.475,D,D,
nan,72149971,0.066,E,E,
nan,72149979,1.364,C,C,
nan,72149979,0.475,D,D,
nan,72149979,0.066,E,E,
nan,72149995,1.364,C,C,
nan,72149995,0.475,D,D,
nan,72149995,0.066,E,E,
nan,72151000,1.364,C,C,
nan,72151000,0.475,D,D,
nan,72151000,0.066,E,E,
nan,72155011,1.364,C,C,
nan,72155011,0.475,D,D,
nan,72155011,0.066,E,E,
nan,72155019,1.364,C,C,
nan,72155019,0.475,D,D,
nan,72155019,0.066,E,E,
nan,72155080,1.364,C,C,
nan,72155080,0.475,D,D,
nan,72155080,0.066,E,E,
nan,72159000,1.364,C,C,
nan,72159000,0.475,D,D,
nan,72159000,0.066,E,E,
nan,72161000,1.364,C,C,
nan,72161000,0.475,D,D,
nan,72161000,0.066,E,E,
nan,72162100,1.364,C,C,
nan,72162100,0.475,D,D,
nan,72162100,0.066,E,E,
nan,72162200,1.364,C,C,
nan,72162200,0.475,D,D,
nan,72162200,0.066,E,E,
nan,72163110,1.364,C,C,
nan,72163110,0.475,D,D,
nan,72163110,0.066,E,E,
nan,72163190,1.364,C,C,
nan,72163190,0.475,D,D,
nan,72163190,0.066,E,E,
nan,72163211,1.364,C,C,
nan,72163211,0.475,D,D,
nan,72163211,0.066,E,E,
nan,72163219,1.364,C,C,
nan,72163219,0.475,D,D,
nan,72163219,0.066,E,E,
nan,72163291,1.364,C,C,
nan,72163291,0.475,D,D,
nan,72163291,0.066,E,E,
nan,72163299,1.364,C,C,
nan,72163299,0.475,D,D,
nan,72163299,0.066,E,E,
nan,72163310,1.364,C,C,
nan,72163310,0.475,D,D,
nan,72163310,0.066,E,E,
nan,72163390,1.364,C,C,
nan,72163390,0.475,D,D,
nan,72163390,0.066,E,E,
nan,72164010,1.364,C,C,
nan,72164010,0.475,D,D,
nan,72164010,0.066,E,E,
nan,72164090,1.364,C,C,
nan,72164090,0.475,D,D,
nan,72164090,0.066,E,E,
nan,72165010,1.364,C,C,
nan,72165010,0.475,D,D,
nan,72165010,0.066,E,E,
nan,72165091,1.364,C,C,
nan,72165091,0.475,D,D,
nan,72165091,0.066,E,E,
nan,72165099,1.364,C,C,
nan,72165099,0.475,D,D,
nan,72165099,0.066,E,E,
nan,72166110,1.364,C,C,
nan,72166110,0.475,D,D,
nan,72166110,0.066,E,E,
nan,72166190,1.364,C,C,
nan,72166190,0.475,D,D,
nan,72166190,0.066,E,E,
nan,72166900,1.364,C,C,
nan,72166900,0.475,D,D,
nan,72166900,0.066,E,E,
nan,72169110,1.364,C,C,
nan,72169110,0.475,D,D,
nan,72169110,0.066,E,E,
nan,72169180,1.364,C,C,
nan,72169180,0.475,D,D,
nan,72169180,0.066,E,E,
nan,72169900,1.364,C,C,
nan,72169900,0.475,D,D,
nan,72169900,0.066,E,E,
nan,72171010,1.364,C,C,
nan,72171010,0.475,D,D,
nan,72171010,0.066,E,E,
nan,72171031,1.364,C,C,
nan,72171031,0.475,D,D,
nan,72171031,0.066,E,E,
nan,72171039,1.364,C,C,
nan,72171039,0.475,D,D,
nan,72171039,0.066,E,E,
nan,72171050,1.364,C,C,
nan,72171050,0.475,D,D,
nan,72171050,0.066,E,E,
nan,72171090,1.364,C,C,
nan,72171090,0.475,D,D,
nan,72171090,0.066,E,E,
nan,72172010,1.397,C,C,
nan,72172010,0.508,D,D,
nan,72172010,0.099,E,E,
nan,72172030,1.397,C,C,
nan,72172030,0.508,D,D,
nan,72172030,0.099,E,E,
nan,72172050,1.397,C,C,
nan,72172050,0.508,D,D,
nan,72172050,0.099,E,E,
nan,72172090,1.397,C,C,
nan,72172090,0.508,D,D,
nan,72172090,0.099,E,E,
nan,72173041,1.397,C,C,
nan,72173041,0.508,D,D,
nan,72173041,0.099,E,E,
nan,72173049,1.397,C,C,
nan,72173049,0.508,D,D,
nan,72173049,0.099,E,E,
nan,72173050,1.397,C,C,
nan,72173050,0.508,D,D,
nan,72173050,0.099,E,E,
nan,72173090,1.397,C,C,
nan,72173090,0.508,D,D,
nan,72173090,0.099,E,E,
nan,72179020,1.397,C,C,
nan,72179020,0.508,D,D,
nan,72179020,0.099,E,E,
nan,72179050,1.397,C,C,
nan,72179050,0.508,D,D,
nan,72179050,0.099,E,E,
nan,72179090,1.397,C,C,
nan,72179090,0.508,D,D,
nan,72179090,0.099,E,E,
nan,72181000,1.419,1,,1
nan,72181000,1.381,2,,2
nan,72189110,1.189,1,,1
nan,72189110,1.151,2,,2
nan,72189180,1.189,1,,1
nan,72189180,1.151,2,,2
nan,72189911,1.189,1,,1
nan,72189911,1.151,2,,2
nan,72189919,1.419,1,,1
nan,72189919,1.381,2,,2
nan,72189920,1.189,1,,1
nan,72189920,1.151,2,,2
nan,72189980,1.419,1,,1
nan,72189980,1.381,2,,2
nan,72191100,1.189,1,,1
nan,72191100,1.151,2,,2
nan,72191210,1.189,1,,1
nan,72191210,1.151,2,,2
nan,72191290,1.189,1,,1
nan,72191290,1.151,2,,2
nan,72191310,1.189,1,,1
nan,72191310,1.151,2,,2
nan,72191390,1.189,1,,1
nan,72191390,1.151,2,,2
nan,72191410,1.189,1,,1
nan,72191410,1.151,2,,2
nan,72191490,1.189,1,,1
nan,72191490,1.151,2,,2
nan,72192110,1.189,1,,1
nan,72192110,1.151,2,,2
nan,72192190,1.189,1,,1
nan,72192190,1.151,2,,2
nan,72192210,1.189,1,,1
nan,72192210,1.151,2,,2
nan,72192290,1.189,1,,1
nan,72192290,1.151,2,,2
nan,72192300,1.189,1,,1
nan,72192300,1.151,2,,2
nan,72192400,1.189,1,,1
nan,72192400,1.151,2,,2
nan,72193100,1.27,1,,1
nan,72193100,1.23,2,,2
nan,72193210,1.27,1,,1
nan,72193210,1.23,2,,2
nan,72193290,1.27,1,,1
nan,72193290,1.23,2,,2
nan,72193310,1.27,1,,1
nan,72193310,1.23,2,,2
nan,72193390,1.27,1,,1
nan,72193390,1.23,2,,2
nan,72193410,1.27,1,,1
nan,72193410,1.23,2,,2
nan,72193490,1.27,1,,1
nan,72193490,1.23,2,,2
nan,72193510,1.27,1,,1
nan,72193510,1.23,2,,2
nan,72193590,1.27,1,,1
nan,72193590,1.23,2,,2
nan,72199020,1.27,1,,1
nan,72199020,1.23,2,,2
nan,72199080,1.27,1,,1
nan,72199080,1.23,2,,2
nan,72201100,1.189,1,,1
nan,72201100,1.151,2,,2
nan,72201200,1.189,1,,1
nan,72201200,1.151,2,,2
nan,72202021,1.27,1,,1
nan,72202021,1.23,2,,2
nan,72202029,1.27,1,,1
nan,72202029,1.23,2,,2
nan,72202041,1.27,1,,1
nan,72202041,1.23,2,,2
nan,72202049,1.27,1,,1
nan,72202049,1.23,2,,2
nan,72202081,1.27,1,,1
nan,72202081,1.23,2,,2
nan,72202089,1.27,1,,1
nan,72202089,1.23,2,,2
nan,72209020,1.27,1,,1
nan,72209020,1.23,2,,2
nan,72209080,1.27,1,,1
nan,72209080,1.23,2,,2
nan,72210010,1.225,1,,1
nan,72210010,1.187,2,,2
nan,72210090,1.225,1,,1
nan,72210090,1.187,2,,2
nan,72221111,1.225,1,,1
nan,72221111,1.187,2,,2
nan,72221119,1.225,1,,1
nan,72221119,1.187,2,,2
nan,72221181,1.225,1,,1
nan,72221181,1.187,2,,2
nan,72221189,1.225,1,,1
nan,72221189,1.187,2,,2
nan,72221910,1.225,1,,1
nan,72221910,1.187,2,,2
nan,72221990,1.225,1,,1
nan,72221990,1.187,2,,2
nan,72222011,1.225,1,,1
nan,72222011,1.187,2,,2
nan,72222019,1.225,1,,1
nan,72222019,1.187,2,,2
nan,72222021,1.225,1,,1
nan,72222021,1.187,2,,2
nan,72222029,1.225,1,,1
nan,72222029,1.187,2,,2
nan,72222031,1.225,1,,1
nan,72222031,1.187,2,,2
nan,72222039,1.225,1,,1
nan,72222039,1.187,2,,2
nan,72222081,1.225,1,,1
nan,72222081,1.187,2,,2
nan,72222089,1.225,1,,1
nan,72222089,1.187,2,,2
nan,72223051,1.419,1,,1
nan,72223051,1.381,2,,2
nan,72223091,1.419,1,,1
nan,72223091,1.381,2,,2
nan,72223097,1.419,1,,1
nan,72223097,1.381,2,,2
nan,72224010,1.225,1,,1
nan,72224010,1.187,2,,2
nan,72224050,1.225,1,,1
nan,72224050,1.187,2,,2
nan,72224090,1.225,1,,1
nan,72224090,1.187,2,,2
nan,72230011,1.225,1,,1
nan,72230011,1.187,2,,2
nan,72230019,1.225,1,,1
nan,72230019,1.187,2,,2
nan,72230091,1.225,1,,1
nan,72230091,1.187,2,,2
nan,72230099,1.225,1,,1
nan,72230099,1.187,2,,2
nan,72241010,1.807,F)(1,F,1
nan,72241010,0.982,G)(1,G,1
nan,72241010,0.64,H)(1,H,1
nan,72241010,1.18,J)(1,J,1
nan,72241010,1.64,F)(2,F,2
nan,72241010,0.969,G)(2,G,2
nan,72241010,0.628,H)(2,H,2
nan,72241010,1.148,J)(2,J,2
nan,72241090,1.807,F)(1,F,1
nan,72241090,0.982,G)(1,G,1
nan,72241090,0.64,H)(1,H,1
nan,72241090,1.18,J)(1,J,1
nan,72241090,1.64,F)(2,F,2
nan,72241090,0.969,G)(2,G,2
nan,72241090,0.628,H)(2,H,2
nan,72241090,1.148,J)(2,J,2
nan,72249002,1.577,F)(1,F,1
nan,72249002,0.752,G)(1,G,1
nan,72249002,0.41,H)(1,H,1
nan,72249002,0.95,J)(1,J,1
nan,72249002,1.409,F)(2,F,2
nan,72249002,0.739,G)(2,G,2
nan,72249002,0.397,H)(2,H,2
nan,72249002,0.918,J)(2,J,2
nan,72249003,1.577,F)(1,F,1
nan,72249003,0.752,G)(1,G,1
nan,72249003,0.41,H)(1,H,1
nan,72249003,0.95,J)(1,J,1
nan,72249003,1.409,F)(2,F,2
nan,72249003,0.739,G)(2,G,2
nan,72249003,0.397,H)(2,H,2
nan,72249003,0.918,J)(2,J,2
nan,72249005,1.577,F)(1,F,1
nan,72249005,0.752,G)(1,G,1
nan,72249005,0.41,H)(1,H,1
nan,72249005,0.95,J)(1,J,1
nan,72249005,1.409,F)(2,F,2
nan,72249005,0.739,G)(2,G,2
nan,72249005,0.397,H)(2,H,2
nan,72249005,0.918,J)(2,J,2
nan,72249007,1.577,F)(1,F,1
nan,72249007,0.752,G)(1,G,1
nan,72249007,0.41,H)(1,H,1
nan,72249007,0.95,J)(1,J,1
nan,72249007,1.409,F)(2,F,2
nan,72249007,0.739,G)(2,G,2
nan,72249007,0.397,H)(2,H,2
nan,72249007,0.918,J)(2,J,2
nan,72249014,1.577,F)(1,F,1
nan,72249014,0.752,G)(1,G,1
nan,72249014,0.41,H)(1,H,1
nan,72249014,0.95,J)(1,J,1
nan,72249014,1.409,F)(2,F,2
nan,72249014,0.739,G)(2,G,2
nan,72249014,0.397,H)(2,H,2
nan,72249014,0.918,J)(2,J,2
nan,72249018,1.807,F)(1,F,1
nan,72249018,0.982,G)(1,G,1
nan,72249018,0.64,H)(1,H,1
nan,72249018,1.18,J)(1,J,1
nan,72249018,1.64,F)(2,F,2
nan,72249018,0.969,G)(2,G,2
nan,72249018,0.628,H)(2,H,2
nan,72249018,1.148,J)(2,J,2
nan,72249031,1.577,F)(1,F,1
nan,72249031,0.752,G)(1,G,1
nan,72249031,0.41,H)(1,H,1
nan,72249031,0.95,J)(1,J,1
nan,72249031,1.409,F)(2,F,2
nan,72249031,0.739,G)(2,G,2
nan,72249031,0.397,H)(2,H,2
nan,72249031,0.918,J)(2,J,2
nan,72249038,1.577,F)(1,F,1
nan,72249038,0.752,G)(1,G,1
nan,72249038,0.41,H)(1,H,1
nan,72249038,0.95,J)(1,J,1
nan,72249038,1.409,F)(2,F,2
nan,72249038,0.739,G)(2,G,2
nan,72249038,0.397,H)(2,H,2
nan,72249038,0.918,J)(2,J,2
nan,72249090,1.807,F)(1,F,1
nan,72249090,0.982,G)(1,G,1
nan,72249090,0.64,H)(1,H,1
nan,72249090,1.18,J)(1,J,1
nan,72249090,1.64,F)(2,F,2
nan,72249090,0.969,G)(2,G,2
nan,72249090,0.628,H)(2,H,2
nan,72249090,1.148,J)(2,J,2
nan,72251100,1.779,C,C,
nan,72251100,0.635,D,D,
nan,72251100,0.109,E,E,
nan,72251910,1.399,C,C,
nan,72251910,0.51,D,D,
nan,72251910,0.101,E,E,
nan,72251990,1.488,C,C,
nan,72251990,0.563,D,D,
nan,72251990,0.138,E,E,
nan,72253010,1.577,F)(1,F,1
nan,72253010,0.752,G)(1,G,1
nan,72253010,0.41,H)(1,H,1
nan,72253010,0.95,J)(1,J,1
nan,72253010,1.409,F)(2,F,2
nan,72253010,0.739,G)(2,G,2
nan,72253010,0.397,H)(2,H,2
nan,72253010,0.918,J)(2,J,2
nan,72253030,1.577,F)(1,F,1
nan,72253030,0.752,G)(1,G,1
nan,72253030,0.41,H)(1,H,1
nan,72253030,0.95,J)(1,J,1
nan,72253030,1.409,F)(2,F,2
nan,72253030,0.739,G)(2,G,2
nan,72253030,0.397,H)(2,H,2
nan,72253030,0.918,J)(2,J,2
nan,72253090,1.577,F)(1,F,1
nan,72253090,0.752,G)(1,G,1
nan,72253090,0.41,H)(1,H,1
nan,72253090,0.95,J)(1,J,1
nan,72253090,1.409,F)(2,F,2
nan,72253090,0.739,G)(2,G,2
nan,72253090,0.397,H)(2,H,2
nan,72253090,0.918,J)(2,J,2
nan,72254012,1.577,F)(1,F,1
nan,72254012,0.752,G)(1,G,1
nan,72254012,0.41,H)(1,H,1
nan,72254012,0.95,J)(1,J,1
nan,72254012,1.409,F)(2,F,2
nan,72254012,0.739,G)(2,G,2
nan,72254012,0.397,H)(2,H,2
nan,72254012,0.918,J)(2,J,2
nan,72254015,1.577,F)(1,F,1
nan,72254015,0.752,G)(1,G,1
nan,72254015,0.41,H)(1,H,1
nan,72254015,0.95,J)(1,J,1
nan,72254015,1.409,F)(2,F,2
nan,72254015,0.739,G)(2,G,2
nan,72254015,0.397,H)(2,H,2
nan,72254015,0.918,J)(2,J,2
nan,72254040,1.577,F)(1,F,1
nan,72254040,0.752,G)(1,G,1
nan,72254040,0.41,H)(1,H,1
nan,72254040,0.95,J)(1,J,1
nan,72254040,1.409,F)(2,F,2
nan,72254040,0.739,G)(2,G,2
nan,72254040,0.397,H)(2,H,2
nan,72254040,0.918,J)(2,J,2
nan,72254060,1.577,F)(1,F,1
nan,72254060,0.752,G)(1,G,1
nan,72254060,0.41,H)(1,H,1
nan,72254060,0.95,J)(1,J,1
nan,72254060,1.409,F)(2,F,2
nan,72254060,0.739,G)(2,G,2
nan,72254060,0.397,H)(2,H,2
nan,72254060,0.918,J)(2,J,2
nan,72254090,1.577,F)(1,F,1
nan,72254090,0.752,G)(1,G,1
nan,72254090,0.41,H)(1,H,1
nan,72254090,0.95,J)(1,J,1
nan,72254090,1.409,F)(2,F,2
nan,72254090,0.739,G)(2,G,2
nan,72254090,0.397,H)(2,H,2
nan,72254090,0.918,J)(2,J,2
nan,72255020,1.673,F)(1,F,1
nan,72255020,0.815,G)(1,G,1
nan,72255020,0.46,H)(1,H,1
nan,72255020,1.021,J)(1,J,1
nan,72255020,1.499,F)(2,F,2
nan,72255020,0.801,G)(2,G,2
nan,72255020,0.446,H)(2,H,2
nan,72255020,0.987,J)(2,J,2
nan,72255080,1.673,F)(1,F,1
nan,72255080,0.815,G)(1,G,1
nan,72255080,0.46,H)(1,H,1
nan,72255080,1.021,J)(1,J,1
nan,72255080,1.499,F)(2,F,2
nan,72255080,0.801,G)(2,G,2
nan,72255080,0.446,H)(2,H,2
nan,72255080,0.987,J)(2,J,2
nan,72259100,1.706,F)(1,F,1
nan,72259100,0.848,G)(1,G,1
nan,72259100,0.493,H)(1,H,1
nan,72259100,1.054,J)(1,J,1
nan,72259100,1.532,F)(2,F,2
nan,72259100,0.835,G)(2,G,2
nan,72259100,0.48,H)(2,H,2
nan,72259100,1.021,J)(2,J,2
nan,72259200,1.706,F)(1,F,1
nan,72259200,0.848,G)(1,G,1
nan,72259200,0.493,H)(1,H,1
nan,72259200,1.054,J)(1,J,1
nan,72259200,1.532,F)(2,F,2
nan,72259200,0.835,G)(2,G,2
nan,72259200,0.48,H)(2,H,2
nan,72259200,1.021,J)(2,J,2
nan,72259900,1.706,F)(1,F,1
nan,72259900,0.848,G)(1,G,1
nan,72259900,0.493,H)(1,H,1
nan,72259900,1.054,J)(1,J,1
nan,72259900,1.532,F)(2,F,2
nan,72259900,0.835,G)(2,G,2
nan,72259900,0.48,H)(2,H,2
nan,72259900,1.021,J)(2,J,2
nan,72261100,1.779,C,C,
nan,72261100,0.635,D,D,
nan,72261100,0.109,E,E,
nan,72261910,1.399,C,C,
nan,72261910,0.51,D,D,
nan,72261910,0.101,E,E,
nan,72261980,1.488,C,C,
nan,72261980,0.563,D,D,
nan,72261980,0.138,E,E,
nan,72262000,1.577,F)(1,F,1
nan,72262000,0.752,G)(1,G,1
nan,72262000,0.41,H)(1,H,1
nan,72262000,0.95,J)(1,J,1
nan,72262000,1.409,F)(2,F,2
nan,72262000,0.739,G)(2,G,2
nan,72262000,0.397,H)(2,H,2
nan,72262000,0.918,J)(2,J,2
nan,72269120,1.577,F)(1,F,1
nan,72269120,0.752,G)(1,G,1
nan,72269120,0.41,H)(1,H,1
nan,72269120,0.95,J)(1,J,1
nan,72269120,1.409,F)(2,F,2
nan,72269120,0.739,G)(2,G,2
nan,72269120,0.397,H)(2,H,2
nan,72269120,0.918,J)(2,J,2
nan,72269191,1.577,F)(1,F,1
nan,72269191,0.752,G)(1,G,1
nan,72269191,0.41,H)(1,H,1
nan,72269191,0.95,J)(1,J,1
nan,72269191,1.409,F)(2,F,2
nan,72269191,0.739,G)(2,G,2
nan,72269191,0.397,H)(2,H,2
nan,72269191,0.918,J)(2,J,2
nan,72269199,1.577,F)(1,F,1
nan,72269199,0.752,G)(1,G,1
nan,72269199,0.41,H)(1,H,1
nan,72269199,0.95,J)(1,J,1
nan,72269199,1.409,F)(2,F,2
nan,72269199,0.739,G)(2,G,2
nan,72269199,0.397,H)(2,H,2
nan,72269199,0.918,J)(2,J,2
nan,72269200,1.673,F)(1,F,1
nan,72269200,0.815,G)(1,G,1
nan,72269200,0.46,H)(1,H,1
nan,72269200,1.021,J)(1,J,1
nan,72269200,1.499,F)(2,F,2
nan,72269200,0.801,G)(2,G,2
nan,72269200,0.446,H)(2,H,2
nan,72269200,0.987,J)(2,J,2
nan,72269910,1.706,F)(1,F,1
nan,72269910,0.848,G)(1,G,1
nan,72269910,0.493,H)(1,H,1
nan,72269910,1.054,J)(1,J,1
nan,72269910,1.532,F)(2,F,2
nan,72269910,0.835,G)(2,G,2
nan,72269910,0.48,H)(2,H,2
nan,72269910,1.021,J)(2,J,2
nan,72269930,1.706,F)(1,F,1
nan,72269930,0.848,G)(1,G,1
nan,72269930,0.493,H)(1,H,1
nan,72269930,1.054,J)(1,J,1
nan,72269930,1.532,F)(2,F,2
nan,72269930,0.835,G)(2,G,2
nan,72269930,0.48,H)(2,H,2
nan,72269930,1.021,J)(2,J,2
nan,72269970,1.706,F)(1,F,1
nan,72269970,0.848,G)(1,G,1
nan,72269970,0.493,H)(1,H,1
nan,72269970,1.054,J)(1,J,1
nan,72269970,1.532,F)(2,F,2
nan,72269970,0.835,G)(2,G,2
nan,72269970,0.48,H)(2,H,2
nan,72269970,1.021,J)(2,J,2
nan,72271000,1.613,F)(1,F,1
nan,72271000,0.788,G)(1,G,1
nan,72271000,0.446,H)(1,H,1
nan,72271000,0.986,J)(1,J,1
nan,72271000,1.446,F)(2,F,2
nan,72271000,0.775,G)(2,G,2
nan,72271000,0.433,H)(2,H,2
nan,72271000,0.954,J)(2,J,2
nan,72272000,1.613,F)(1,F,1
nan,72272000,0.788,G)(1,G,1
nan,72272000,0.446,H)(1,H,1
nan,72272000,0.986,J)(1,J,1
nan,72272000,1.446,F)(2,F,2
nan,72272000,0.775,G)(2,G,2
nan,72272000,0.433,H)(2,H,2
nan,72272000,0.954,J)(2,J,2
nan,72279010,1.435,C,C,
nan,72279010,0.546,D,D,
nan,72279010,0.137,E,E,
nan,72279050,1.435,C,C,
nan,72279050,0.546,D,D,
nan,72279050,0.137,E,E,
nan,72279095,1.613,F)(1,F,1
nan,72279095,0.788,G)(1,G,1
nan,72279095,0.446,H)(1,H,1
nan,72279095,0.986,J)(1,J,1
nan,72279095,1.446,F)(2,F,2
nan,72279095,0.775,G)(2,G,2
nan,72279095,0.433,H)(2,H,2
nan,72279095,0.954,J)(2,J,2
nan,72281020,1.613,F)(1,F,1
nan,72281020,0.788,G)(1,G,1
nan,72281020,0.446,H)(1,H,1
nan,72281020,0.986,J)(1,J,1
nan,72281020,1.446,F)(2,F,2
nan,72281020,0.775,G)(2,G,2
nan,72281020,0.433,H)(2,H,2
nan,72281020,0.954,J)(2,J,2
nan,72281050,1.807,F)(1,F,1
nan,72281050,0.982,G)(1,G,1
nan,72281050,0.64,H)(1,H,1
nan,72281050,1.18,J)(1,J,1
nan,72281050,1.64,F)(2,F,2
nan,72281050,0.969,G)(2,G,2
nan,72281050,0.628,H)(2,H,2
nan,72281050,1.148,J)(2,J,2
nan,72281090,1.613,F)(1,F,1
nan,72281090,0.788,G)(1,G,1
nan,72281090,0.446,H)(1,H,1
nan,72281090,0.986,J)(1,J,1
nan,72281090,1.446,F)(2,F,2
nan,72281090,0.775,G)(2,G,2
nan,72281090,0.433,H)(2,H,2
nan,72281090,0.954,J)(2,J,2
nan,72282010,1.613,F)(1,F,1
nan,72282010,0.788,G)(1,G,1
nan,72282010,0.446,H)(1,H,1
nan,72282010,0.986,J)(1,J,1
nan,72282010,1.446,F)(2,F,2
nan,72282010,0.775,G)(2,G,2
nan,72282010,0.433,H)(2,H,2
nan,72282010,0.954,J)(2,J,2
nan,72282091,1.613,F)(1,F,1
nan,72282091,0.788,G)(1,G,1
nan,72282091,0.446,H)(1,H,1
nan,72282091,0.986,J)(1,J,1
nan,72282091,1.446,F)(2,F,2
nan,72282091,0.775,G)(2,G,2
nan,72282091,0.433,H)(2,H,2
nan,72282091,0.954,J)(2,J,2
nan,72282099,1.613,F)(1,F,1
nan,72282099,0.788,G)(1,G,1
nan,72282099,0.446,H)(1,H,1
nan,72282099,0.986,J)(1,J,1
nan,72282099,1.446,F)(2,F,2
nan,72282099,0.775,G)(2,G,2
nan,72282099,0.433,H)(2,H,2
nan,72282099,0.954,J)(2,J,2
nan,72283020,1.613,F)(1,F,1
nan,72283020,0.788,G)(1,G,1
nan,72283020,0.446,H)(1,H,1
nan,72283020,0.986,J)(1,J,1
nan,72283020,1.446,F)(2,F,2
nan,72283020,0.775,G)(2,G,2
nan,72283020,0.433,H)(2,H,2
nan,72283020,0.954,J)(2,J,2
nan,72283041,1.435,C,C,
nan,72283041,0.546,D,D,
nan,72283041,0.137,E,E,
nan,72283049,1.435,C,C,
nan,72283049,0.546,D,D,
nan,72283049,0.137,E,E,
nan,72283061,1.613,F)(1,F,1
nan,72283061,0.788,G)(1,G,1
nan,72283061,0.446,H)(1,H,1
nan,72283061,0.986,J)(1,J,1
nan,72283061,1.446,F)(2,F,2
nan,72283061,0.775,G)(2,G,2
nan,72283061,0.433,H)(2,H,2
nan,72283061,0.954,J)(2,J,2
nan,72283069,1.613,F)(1,F,1
nan,72283069,0.788,G)(1,G,1
nan,72283069,0.446,H)(1,H,1
nan,72283069,0.986,J)(1,J,1
nan,72283069,1.446,F)(2,F,2
nan,72283069,0.775,G)(2,G,2
nan,72283069,0.433,H)(2,H,2
nan,72283069,0.954,J)(2,J,2
nan,72283070,1.613,F)(1,F,1
nan,72283070,0.788,G)(1,G,1
nan,72283070,0.446,H)(1,H,1
nan,72283070,0.986,J)(1,J,1
nan,72283070,1.446,F)(2,F,2
nan,72283070,0.775,G)(2,G,2
nan,72283070,0.433,H)(2,H,2
nan,72283070,0.954,J)(2,J,2
nan,72283089,1.613,F)(1,F,1
nan,72283089,0.788,G)(1,G,1
nan,72283089,0.446,H)(1,H,1
nan,72283089,0.986,J)(1,J,1
nan,72283089,1.446,F)(2,F,2
nan,72283089,0.775,G)(2,G,2
nan,72283089,0.433,H)(2,H,2
nan,72283089,0.954,J)(2,J,2
nan,72284010,1.807,F)(1,F,1
nan,72284010,0.982,G)(1,G,1
nan,72284010,0.64,H)(1,H,1
nan,72284010,1.18,J)(1,J,1
nan,72284010,1.64,F)(2,F,2
nan,72284010,0.969,G)(2,G,2
nan,72284010,0.628,H)(2,H,2
nan,72284010,1.148,J)(2,J,2
nan,72284090,1.807,F)(1,F,1
nan,72284090,0.982,G)(1,G,1
nan,72284090,0.64,H)(1,H,1
nan,72284090,1.18,J)(1,J,1
nan,72284090,1.64,F)(2,F,2
nan,72284090,0.969,G)(2,G,2
nan,72284090,0.628,H)(2,H,2
nan,72284090,1.148,J)(2,J,2
nan,72285020,1.613,F)(1,F,1
nan,72285020,0.788,G)(1,G,1
nan,72285020,0.446,H)(1,H,1
nan,72285020,0.986,J)(1,J,1
nan,72285020,1.446,F)(2,F,2
nan,72285020,0.775,G)(2,G,2
nan,72285020,0.433,H)(2,H,2
nan,72285020,0.954,J)(2,J,2
nan,72285040,1.435,C,C,
nan,72285040,0.546,D,D,
nan,72285040,0.137,E,E,
nan,72285061,1.613,F)(1,F,1
nan,72285061,0.788,G)(1,G,1
nan,72285061,0.446,H)(1,H,1
nan,72285061,0.986,J)(1,J,1
nan,72285061,1.446,F)(2,F,2
nan,72285061,0.775,G)(2,G,2
nan,72285061,0.433,H)(2,H,2
nan,72285061,0.954,J)(2,J,2
nan,72285069,1.613,F)(1,F,1
nan,72285069,0.788,G)(1,G,1
nan,72285069,0.446,H)(1,H,1
nan,72285069,0.986,J)(1,J,1
nan,72285069,1.446,F)(2,F,2
nan,72285069,0.775,G)(2,G,2
nan,72285069,0.433,H)(2,H,2
nan,72285069,0.954,J)(2,J,2
nan,72285080,1.613,F)(1,F,1
nan,72285080,0.788,G)(1,G,1
nan,72285080,0.446,H)(1,H,1
nan,72285080,0.986,J)(1,J,1
nan,72285080,1.446,F)(2,F,2
nan,72285080,0.775,G)(2,G,2
nan,72285080,0.433,H)(2,H,2
nan,72285080,0.954,J)(2,J,2
nan,72286020,1.613,F)(1,F,1
nan,72286020,0.788,G)(1,G,1
nan,72286020,0.446,H)(1,H,1
nan,72286020,0.986,J)(1,J,1
nan,72286020,1.446,F)(2,F,2
nan,72286020,0.775,G)(2,G,2
nan,72286020,0.433,H)(2,H,2
nan,72286020,0.954,J)(2,J,2
nan,72286080,1.613,F)(1,F,1
nan,72286080,0.788,G)(1,G,1
nan,72286080,0.446,H)(1,H,1
nan,72286080,0.986,J)(1,J,1
nan,72286080,1.446,F)(2,F,2
nan,72286080,0.775,G)(2,G,2
nan,72286080,0.433,H)(2,H,2
nan,72286080,0.954,J)(2,J,2
nan,72287010,1.613,F)(1,F,1
nan,72287010,0.788,G)(1,G,1
nan,72287010,0.446,H)(1,H,1
nan,72287010,0.986,J)(1,J,1
nan,72287010,1.446,F)(2,F,2
nan,72287010,0.775,G)(2,G,2
nan,72287010,0.433,H)(2,H,2
nan,72287010,0.954,J)(2,J,2
nan,72287090,1.613,F)(1,F,1
nan,72287090,0.788,G)(1,G,1
nan,72287090,0.446,H)(1,H,1
nan,72287090,0.986,J)(1,J,1
nan,72287090,1.446,F)(2,F,2
nan,72287090,0.775,G)(2,G,2
nan,72287090,0.433,H)(2,H,2
nan,72287090,0.954,J)(2,J,2
nan,72288000,1.613,F)(1,F,1
nan,72288000,0.788,G)(1,G,1
nan,72288000,0.446,H)(1,H,1
nan,72288000,0.986,J)(1,J,1
nan,72288000,1.446,F)(2,F,2
nan,72288000,0.775,G)(2,G,2
nan,72288000,0.433,H)(2,H,2
nan,72288000,0.954,J)(2,J,2
nan,72292000,1.613,F)(1,F,1
nan,72292000,0.788,G)(1,G,1
nan,72292000,0.446,H)(1,H,1
nan,72292000,0.986,J)(1,J,1
nan,72292000,1.446,F)(2,F,2
nan,72292000,0.775,G)(2,G,2
nan,72292000,0.433,H)(2,H,2
nan,72292000,0.954,J)(2,J,2
nan,72299020,1.613,F)(1,F,1
nan,72299020,0.788,G)(1,G,1
nan,72299020,0.446,H)(1,H,1
nan,72299020,0.986,J)(1,J,1
nan,72299020,1.446,F)(2,F,2
nan,72299020,0.775,G)(2,G,2
nan,72299020,0.433,H)(2,H,2
nan,72299020,0.954,J)(2,J,2
nan,72299050,1.435,C,C,
nan,72299050,0.546,D,D,
nan,72299050,0.137,E,E,
nan,72299090,1.613,F)(1,F,1
nan,72299090,0.788,G)(1,G,1
nan,72299090,0.446,H)(1,H,1
nan,72299090,0.986,J)(1,J,1
nan,72299090,1.446,F)(2,F,2
nan,72299090,0.775,G)(2,G,2
nan,72299090,0.433,H)(2,H,2
nan,72299090,0.954,J)(2,J,2
nan,73011000,1.458,C,C,
nan,73011000,0.533,D,D,
nan,73011000,0.108,E,E,
nan,73012000,1.458,C,C,
nan,73012000,0.533,D,D,
nan,73012000,0.108,E,E,
nan,73021010,1.383,C,C,
nan,73021010,0.494,D,D,
nan,73021010,0.085,E,E,
nan,73021022,1.383,C,C,
nan,73021022,0.494,D,D,
nan,73021022,0.085,E,E,
nan,73021028,1.383,C,C,
nan,73021028,0.494,D,D,
nan,73021028,0.085,E,E,
nan,73021040,1.383,C,C,
nan,73021040,0.494,D,D,
nan,73021040,0.085,E,E,
nan,73021050,1.383,C,C,
nan,73021050,0.494,D,D,
nan,73021050,0.085,E,E,
nan,73021090,1.383,C,C,
nan,73021090,0.494,D,D,
nan,73021090,0.085,E,E,
nan,73023000,1.383,C,C,
nan,73023000,0.494,D,D,
nan,73023000,0.085,E,E,
nan,73024000,1.383,C,C,
nan,73024000,0.494,D,D,
nan,73024000,0.085,E,E,
nan,73029000,1.383,C,C,
nan,73029000,0.494,D,D,
nan,73029000,0.085,E,E,
nan,73030010,1.484,,,
nan,73030090,1.484,,,
nan,73041100,1.173,1,,1
nan,73041100,1.135,2,,2
nan,73041910,1.383,C,C,
nan,73041910,0.494,D,D,
nan,73041910,0.085,E,E,
nan,73041930,1.383,C,C,
nan,73041930,0.494,D,D,
nan,73041930,0.085,E,E,
nan,73041990,1.383,C,C,
nan,73041990,0.494,D,D,
nan,73041990,0.085,E,E,
nan,73042200,1.173,1,,1
nan,73042200,1.135,2,,2
nan,73042300,1.383,C,C,
nan,73042300,0.494,D,D,
nan,73042300,0.085,E,E,
nan,73042400,1.173,1,,1
nan,73042400,1.135,2,,2
nan,73042910,1.383,C,C,
nan,73042910,0.494,D,D,
nan,73042910,0.085,E,E,
nan,73042930,1.383,C,C,
nan,73042930,0.494,D,D,
nan,73042930,0.085,E,E,
nan,73042990,1.383,C,C,
nan,73042990,0.494,D,D,
nan,73042990,0.085,E,E,
nan,73043120,1.383,C,C,
nan,73043120,0.494,D,D,
nan,73043120,0.085,E,E,
nan,73043180,1.383,C,C,
nan,73043180,0.494,D,D,
nan,73043180,0.085,E,E,
nan,73043950,1.383,C,C,
nan,73043950,0.494,D,D,
nan,73043950,0.085,E,E,
nan,73043982,1.383,C,C,
nan,73043982,0.494,D,D,
nan,73043982,0.085,E,E,
nan,73043983,1.383,C,C,
nan,73043983,0.494,D,D,
nan,73043983,0.085,E,E,
nan,73043988,1.383,C,C,
nan,73043988,0.494,D,D,
nan,73043988,0.085,E,E,
nan,73044100,1.173,1,,1
nan,73044100,1.135,2,,2
nan,73044983,1.173,1,,1
nan,73044983,1.135,2,,2
nan,73044985,1.173,1,,1
nan,73044985,1.135,2,,2
nan,73044989,1.173,1,,1
nan,73044989,1.135,2,,2
nan,73045110,1.561,F)(1,F,1
nan,73045110,0.736,G)(1,G,1
nan,73045110,0.394,H)(1,H,1
nan,73045110,0.934,J)(1,J,1
nan,73045110,1.394,F)(2,F,2
nan,73045110,0.723,G)(2,G,2
nan,73045110,0.381,H)(2,H,2
nan,73045110,0.902,J)(2,J,2
nan,73045181,1.561,F)(1,F,1
nan,73045181,0.736,G)(1,G,1
nan,73045181,0.394,H)(1,H,1
nan,73045181,0.934,J)(1,J,1
nan,73045181,1.394,F)(2,F,2
nan,73045181,0.723,G)(2,G,2
nan,73045181,0.381,H)(2,H,2
nan,73045181,0.902,J)(2,J,2
nan,73045189,1.561,F)(1,F,1
nan,73045189,0.736,G)(1,G,1
nan,73045189,0.394,H)(1,H,1
nan,73045189,0.934,J)(1,J,1
nan,73045189,1.394,F)(2,F,2
nan,73045189,0.723,G)(2,G,2
nan,73045189,0.381,H)(2,H,2
nan,73045189,0.902,J)(2,J,2
nan,73045930,1.383,C,C,
nan,73045930,0.494,D,D,
nan,73045930,0.085,E,E,
nan,73045982,1.561,F)(1,F,1
nan,73045982,0.736,G)(1,G,1
nan,73045982,0.394,H)(1,H,1
nan,73045982,0.934,J)(1,J,1
nan,73045982,1.394,F)(2,F,2
nan,73045982,0.723,G)(2,G,2
nan,73045982,0.381,H)(2,H,2
nan,73045982,0.902,J)(2,J,2
nan,73045983,1.561,F)(1,F,1
nan,73045983,0.736,G)(1,G,1
nan,73045983,0.394,H)(1,H,1
nan,73045983,0.934,J)(1,J,1
nan,73045983,1.394,F)(2,F,2
nan,73045983,0.723,G)(2,G,2
nan,73045983,0.381,H)(2,H,2
nan,73045983,0.902,J)(2,J,2
nan,73045989,1.561,F)(1,F,1
nan,73045989,0.736,G)(1,G,1
nan,73045989,0.394,H)(1,H,1
nan,73045989,0.934,J)(1,J,1
nan,73045989,1.394,F)(2,F,2
nan,73045989,0.723,G)(2,G,2
nan,73045989,0.381,H)(2,H,2
nan,73045989,0.902,J)(2,J,2
nan,73049000,1.383,C,C,
nan,73049000,0.494,D,D,
nan,73049000,0.085,E,E,
nan,73051100,1.458,C,C,
nan,73051100,0.533,D,D,
nan,73051100,0.108,E,E,
nan,73051200,1.458,C,C,
nan,73051200,0.533,D,D,
nan,73051200,0.108,E,E,
nan,73051900,1.458,C,C,
nan,73051900,0.533,D,D,
nan,73051900,0.108,E,E,
nan,73052000,1.458,C,C,
nan,73052000,0.533,D,D,
nan,73052000,0.108,E,E,
nan,73053100,1.458,C,C,
nan,73053100,0.533,D,D,
nan,73053100,0.108,E,E,
nan,73053900,1.458,C,C,
nan,73053900,0.533,D,D,
nan,73053900,0.108,E,E,
nan,73059000,1.458,C,C,
nan,73059000,0.533,D,D,
nan,73059000,0.108,E,E,
nan,73061100,1.27,1,,1
nan,73061100,1.23,2,,2
nan,73061900,1.458,C,C,
nan,73061900,0.533,D,D,
nan,73061900,0.108,E,E,
nan,73062100,1.27,1,,1
nan,73062100,1.23,2,,2
nan,73062900,1.458,C,C,
nan,73062900,0.533,D,D,
nan,73062900,0.108,E,E,
nan,73063012,1.458,C,C,
nan,73063012,0.533,D,D,
nan,73063012,0.108,E,E,
nan,73063018,1.37,C,C,
nan,73063018,0.481,D,D,
nan,73063018,0.072,E,E,
nan,73063041,1.491,C,C,
nan,73063041,0.567,D,D,
nan,73063041,0.141,E,E,
nan,73063049,1.491,C,C,
nan,73063049,0.567,D,D,
nan,73063049,0.141,E,E,
nan,73063072,1.491,C,C,
nan,73063072,0.567,D,D,
nan,73063072,0.141,E,E,
nan,73063077,1.491,C,C,
nan,73063077,0.567,D,D,
nan,73063077,0.141,E,E,
nan,73063080,1.491,C,C,
nan,73063080,0.567,D,D,
nan,73063080,0.141,E,E,
nan,73064020,1.27,1,,1
nan,73064020,1.23,2,,2
nan,73064080,1.189,1,,1
nan,73064080,1.151,2,,2
nan,73065021,1.673,F)(1,F,1
nan,73065021,0.815,G)(1,G,1
nan,73065021,0.46,H)(1,H,1
nan,73065021,1.021,J)(1,J,1
nan,73065021,1.499,F)(2,F,2
nan,73065021,0.801,G)(2,G,2
nan,73065021,0.446,H)(2,H,2
nan,73065021,0.987,J)(2,J,2
nan,73065029,1.577,F)(1,F,1
nan,73065029,0.752,G)(1,G,1
nan,73065029,0.41,H)(1,H,1
nan,73065029,0.95,J)(1,J,1
nan,73065029,1.409,F)(2,F,2
nan,73065029,0.739,G)(2,G,2
nan,73065029,0.397,H)(2,H,2
nan,73065029,0.918,J)(2,J,2
nan,73065080,1.673,F)(1,F,1
nan,73065080,0.815,G)(1,G,1
nan,73065080,0.46,H)(1,H,1
nan,73065080,1.021,J)(1,J,1
nan,73065080,1.499,F)(2,F,2
nan,73065080,0.801,G)(2,G,2
nan,73065080,0.446,H)(2,H,2
nan,73065080,0.987,J)(2,J,2
nan,73066110,1.27,1,,1
nan,73066110,1.23,2,,2
nan,73066192,1.491,C,C,
nan,73066192,0.567,D,D,
nan,73066192,0.141,E,E,
nan,73066199,1.491,C,C,
nan,73066199,0.567,D,D,
nan,73066199,0.141,E,E,
nan,73066910,1.27,1,,1
nan,73066910,1.23,2,,2
nan,73066990,1.491,C,C,
nan,73066990,0.567,D,D,
nan,73066990,0.141,E,E,
nan,73069000,1.491,C,C,
nan,73069000,0.567,D,D,
nan,73069000,0.141,E,E,
nan,73071110,1.409,,,
nan,73071190,1.409,,,
nan,73071910,1.409,,,
nan,73071990,1.629,C,C,
nan,73071990,0.74,D,D,
nan,73071990,0.331,E,E,
nan,73072100,1.173,1,,1
nan,73072100,1.135,2,,2
nan,73072210,1.173,1,,1
nan,73072210,1.135,2,,2
nan,73072290,1.173,1,,1
nan,73072290,1.135,2,,2
nan,73072310,1.173,1,,1
nan,73072310,1.135,2,,2
nan,73072390,1.173,1,,1
nan,73072390,1.135,2,,2
nan,73072910,1.173,1,,1
nan,73072910,1.135,2,,2
nan,73072980,1.173,1,,1
nan,73072980,1.135,2,,2
nan,73079100,1.383,C,C,
nan,73079100,0.494,D,D,
nan,73079100,0.085,E,E,
nan,73079210,1.383,C,C,
nan,73079210,0.494,D,D,
nan,73079210,0.085,E,E,
nan,73079290,1.383,C,C,
nan,73079290,0.494,D,D,
nan,73079290,0.085,E,E,
nan,73079311,1.383,C,C,
nan,73079311,0.494,D,D,
nan,73079311,0.085,E,E,
nan,73079319,1.383,C,C,
nan,73079319,0.494,D,D,
nan,73079319,0.085,E,E,
nan,73079391,1.383,C,C,
nan,73079391,0.494,D,D,
nan,73079391,0.085,E,E,
nan,73079399,1.383,C,C,
nan,73079399,0.494,D,D,
nan,73079399,0.085,E,E,
nan,73079910,1.383,C,C,
nan,73079910,0.494,D,D,
nan,73079910,0.085,E,E,
nan,73079980,1.383,C,C,
nan,73079980,0.494,D,D,
nan,73079980,0.085,E,E,
nan,73081000,1.491,C,C,
nan,73081000,0.567,D,D,
nan,73081000,0.141,E,E,
nan,73082000,1.491,C,C,
nan,73082000,0.567,D,D,
nan,73082000,0.141,E,E,
nan,73083000,1.491,C,C,
nan,73083000,0.567,D,D,
nan,73083000,0.141,E,E,
nan,73084000,1.491,C,C,
nan,73084000,0.567,D,D,
nan,73084000,0.141,E,E,
nan,73089051,1.491,C,C,
nan,73089051,0.567,D,D,
nan,73089051,0.141,E,E,
nan,73089059,1.491,C,C,
nan,73089059,0.567,D,D,
nan,73089059,0.141,E,E,
nan,73089098,1.491,C,C,
nan,73089098,0.567,D,D,
nan,73089098,0.141,E,E,
nan,73090010,1.491,C,C,
nan,73090010,0.567,D,D,
nan,73090010,0.141,E,E,
nan,73090030,1.491,C,C,
nan,73090030,0.567,D,D,
nan,73090030,0.141,E,E,
nan,73090051,1.491,C,C,
nan,73090051,0.567,D,D,
nan,73090051,0.141,E,E,
nan,73090059,1.491,C,C,
nan,73090059,0.567,D,D,
nan,73090059,0.141,E,E,
nan,73090090,1.491,C,C,
nan,73090090,0.567,D,D,
nan,73090090,0.141,E,E,
nan,73101000,1.491,C,C,
nan,73101000,0.567,D,D,
nan,73101000,0.141,E,E,
nan,73102111,1.491,C,C,
nan,73102111,0.567,D,D,
nan,73102111,0.141,E,E,
nan,73102119,1.491,C,C,
nan,73102119,0.567,D,D,
nan,73102119,0.141,E,E,
nan,73102191,1.491,C,C,
nan,73102191,0.567,D,D,
nan,73102191,0.141,E,E,
nan,73102199,1.491,C,C,
nan,73102199,0.567,D,D,
nan,73102199,0.141,E,E,
nan,73102910,1.491,C,C,
nan,73102910,0.567,D,D,
nan,73102910,0.141,E,E,
nan,73102990,1.491,C,C,
nan,73102990,0.567,D,D,
nan,73102990,0.141,E,E,
nan,73110011,1.364,C,C,
nan,73110011,0.475,D,D,
nan,73110011,0.066,E,E,
nan,73110013,1.364,C,C,
nan,73110013,0.475,D,D,
nan,73110013,0.066,E,E,
nan,73110019,1.364,C,C,
nan,73110019,0.475,D,D,
nan,73110019,0.066,E,E,
nan,73110030,1.364,C,C,
nan,73110030,0.475,D,D,
nan,73110030,0.066,E,E,
nan,73110091,1.364,C,C,
nan,73110091,0.475,D,D,
nan,73110091,0.066,E,E,
nan,73110099,1.364,C,C,
nan,73110099,0.475,D,D,
nan,73110099,0.066,E,E,
nan,73181100,1.364,C,C,
nan,73181100,0.475,D,D,
nan,73181100,0.066,E,E,
nan,73181210,1.154,1,,1
nan,73181210,1.116,2,,2
nan,73181290,1.364,C,C,
nan,73181290,0.475,D,D,
nan,73181290,0.066,E,E,
nan,73181300,1.364,C,C,
nan,73181300,0.475,D,D,
nan,73181300,0.066,E,E,
nan,73181410,1.154,1,,1
nan,73181410,1.116,2,,2
nan,73181491,1.364,C,C,
nan,73181491,0.475,D,D,
nan,73181491,0.066,E,E,
nan,73181499,1.364,C,C,
nan,73181499,0.475,D,D,
nan,73181499,0.066,E,E,
nan,73181520,1.364,C,C,
nan,73181520,0.475,D,D,
nan,73181520,0.066,E,E,
nan,73181535,1.154,1,,1
nan,73181535,1.116,2,,2
nan,73181542,1.364,C,C,
nan,73181542,0.475,D,D,
nan,73181542,0.066,E,E,
nan,73181548,1.364,C,C,
nan,73181548,0.475,D,D,
nan,73181548,0.066,E,E,
nan,73181552,1.154,1,,1
nan,73181552,1.116,2,,2
nan,73181558,1.364,C,C,
nan,73181558,0.475,D,D,
nan,73181558,0.066,E,E,
nan,73181562,1.154,1,,1
nan,73181562,1.116,2,,2
nan,73181568,1.364,C,C,
nan,73181568,0.475,D,D,
nan,73181568,0.066,E,E,
nan,73181575,1.154,1,,1
nan,73181575,1.116,2,,2
nan,73181582,1.364,C,C,
nan,73181582,0.475,D,D,
nan,73181582,0.066,E,E,
nan,73181588,1.364,C,C,
nan,73181588,0.475,D,D,
nan,73181588,0.066,E,E,
nan,73181595,1.364,C,C,
nan,73181595,0.475,D,D,
nan,73181595,0.066,E,E,
nan,73181631,1.154,1,,1
nan,73181631,1.116,2,,2
nan,73181639,1.154,1,,1
nan,73181639,1.116,2,,2
nan,73181640,1.364,C,C,
nan,73181640,0.475,D,D,
nan,73181640,0.066,E,E,
nan,73181660,1.364,C,C,
nan,73181660,0.475,D,D,
nan,73181660,0.066,E,E,
nan,73181692,1.364,C,C,
nan,73181692,0.475,D,D,
nan,73181692,0.066,E,E,
nan,73181699,1.364,C,C,
nan,73181699,0.475,D,D,
nan,73181699,0.066,E,E,
nan,73181900,1.364,C,C,
nan,73181900,0.475,D,D,
nan,73181900,0.066,E,E,
nan,73182100,1.364,C,C,
nan,73182100,0.475,D,D,
nan,73182100,0.066,E,E,
nan,73182200,1.364,C,C,
nan,73182200,0.475,D,D,
nan,73182200,0.066,E,E,
nan,73182300,1.364,C,C,
nan,73182300,0.475,D,D,
nan,73182300,0.066,E,E,
nan,73182400,1.364,C,C,
nan,73182400,0.475,D,D,
nan,73182400,0.066,E,E,
nan,73182900,1.364,C,C,
nan,73182900,0.475,D,D,
nan,73182900,0.066,E,E,
nan,73261100,1.629,C,C,
nan,73261100,0.74,D,D,
nan,73261100,0.331,E,E,
nan,73261910,1.629,C,C,
nan,73261910,0.74,D,D,
nan,73261910,0.331,E,E,
nan,73261990,1.629,C,C,
nan,73261990,0.74,D,D,
nan,73261990,0.331,E,E,
nan,73262000,1.397,C,C,
nan,73262000,0.508,D,D,
nan,73262000,0.099,E,E,
nan,73269030,1.364,C,C,
nan,73269030,0.475,D,D,
nan,73269030,0.066,E,E,
nan,73269040,1.364,C,C,
nan,73269040,0.475,D,D,
nan,73269040,0.066,E,E,
nan,73269050,1.364,C,C,
nan,73269050,0.475,D,D,
nan,73269050,0.066,E,E,
nan,73269060,1.364,C,C,
nan,73269060,0.475,D,D,
nan,73269060,0.066,E,E,
nan,73269092,1.629,C,C,
nan,73269092,0.74,D,D,
nan,73269092,0.331,E,E,
nan,73269094,1.629,C,C,
nan,73269094,0.74,D,D,
nan,73269094,0.331,E,E,
nan,73269096,1.629,C,C,
nan,73269096,0.74,D,D,
nan,73269096,0.331,E,E,
nan,73269098,1.491,C,C,
nan,73269098,0.567,D,D,
nan,73269098,0.141,E,E,
Aluminium,76011010,1.423,K,K,
Aluminium,76011010,0.091,L,L,
Aluminium,76011090,1.423,K,K,
Aluminium,76011090,0.091,L,L,
Aluminium,76012030,1.423,K,K,
Aluminium,76012030,0.091,L,L,
Aluminium,76012040,1.423,K,K,
Aluminium,76012040,0.091,L,L,
Aluminium,76012080,1.423,K,K,
Aluminium,76012080,0.091,L,L,
Aluminium,76031000,1.506,K,K,
Aluminium,76031000,0.14,L,L,
Aluminium,76032000,1.506,K,K,
Aluminium,76032000,0.14,L,L,
Aluminium,76041010,1.485,K,K,
Aluminium,76041010,0.148,L,L,
Aluminium,76041090,1.493,K,K,
Aluminium,76041090,0.152,L,L,
Aluminium,76042100,1.493,K,K,
Aluminium,76042100,0.152,L,L,
Aluminium,76042910,1.485,K,K,
Aluminium,76042910,0.148,L,L,
Aluminium,76042990,1.493,K,K,
Aluminium,76042990,0.152,L,L,
Aluminium,76051100,1.485,K,K,
Aluminium,76051100,0.148,L,L,
Aluminium,76051900,1.485,K,K,
Aluminium,76051900,0.148,L,L,
Aluminium,76052100,1.485,K,K,
Aluminium,76052100,0.148,L,L,
nan,76052900,1.485,K,K,
nan,76052900,0.148,L,L,
nan,76061130,1.485,K,K,
nan,76061130,0.148,L,L,
nan,76061150,1.485,K,K,
nan,76061150,0.148,L,L,
nan,76061191,1.485,K,K,
nan,76061191,0.148,L,L,
nan,76061193,1.485,K,K,
nan,76061193,0.148,L,L,
nan,76061199,1.485,K,K,
nan,76061199,0.148,L,L,
nan,76061211,1.485,K,K,
nan,76061211,0.148,L,L,
nan,76061219,1.485,K,K,
nan,76061219,0.148,L,L,
nan,76061230,1.485,K,K,
nan,76061230,0.148,L,L,
nan,76061250,1.485,K,K,
nan,76061250,0.148,L,L,
nan,76061292,1.485,K,K,
nan,76061292,0.148,L,L,
nan,76061293,1.485,K,K,
nan,76061293,0.148,L,L,
nan,76061299,1.485,K,K,
nan,76061299,0.148,L,L,
nan,76069100,1.485,K,K,
nan,76069100,0.148,L,L,
nan,76069200,1.485,K,K,
nan,76069200,0.148,L,L,
nan,76071111,1.599,K,K,
nan,76071111,0.258,L,L,
nan,76071119,1.599,K,K,
nan,76071119,0.258,L,L,
nan,76071190,1.599,K,K,
nan,76071190,0.258,L,L,
nan,76071910,1.599,K,K,
nan,76071910,0.258,L,L,
nan,76071990,1.599,K,K,
nan,76071990,0.258,L,L,
nan,76072010,1.599,K,K,
nan,76072010,0.258,L,L,
nan,76072091,1.599,K,K,
nan,76072091,0.258,L,L,
nan,76072099,1.599,K,K,
nan,76072099,0.258,L,L,
nan,76081000,1.493,K,K,
nan,76081000,0.152,L,L,
nan,76082020,1.493,K,K,
nan,76082020,0.152,L,L,
nan,76082081,1.493,K,K,
nan,76082081,0.152,L,L,
nan,76082089,1.493,K,K,
nan,76082089,0.152,L,L,
nan,76090000,1.493,K,K,
nan,76090000,0.152,L,L,
nan,76101000,1.493,K,K,
nan,76101000,0.152,L,L,
nan,76109010,1.493,K,K,
nan,76109010,0.152,L,L,
nan,76109090,1.493,K,K,
nan,76109090,0.152,L,L,
nan,76110000,1.594,K,K,
nan,76110000,0.258,L,L,
nan,76121000,1.594,K,K,
nan,76121000,0.258,L,L,
nan,76129020,1.594,K,K,
nan,76129020,0.258,L,L,
nan,76129030,1.594,K,K,
nan,76129030,0.258,L,L,
nan,76129080,1.594,K,K,
nan,76129080,0.258,L,L,
nan,76130000,1.594,K,K,
nan,76130000,0.258,L,L,
nan,76141000,1.485,K,K,
nan,76141000,0.148,L,L,
nan,76149000,1.485,K,K,
nan,76149000,0.148,L,L,
nan,76161000,1.485,K,K,
nan,76161000,0.148,L,L,
nan,76169100,1.485,K,K,
nan,76169100,0.148,L,L,
nan,76169910,1.506,K,K,
nan,76169910,0.14,L,L,
nan,76169990,1.485,K,K,
nan,76169990,0.148,L,L,
